{
  "sample_sizes": [
    5,
    10,
    20,
    40,
    80,
    150,
    200
  ],
  "metrics": {
    "Overall Score": {
      "baseline": [
        5.438966949802864,
        -11.867281861863905,
        -10.602324903963748,
        -4.159569642657112,
        -4.958881303110694,
        -5.531272205177206,
        -4.216637550023144
      ],
      "bodhi": [
        -4.285542331045968,
        -14.758386781138597,
        -11.389212357110006,
        -2.222492323231361,
        2.281373722245056,
        2.4921957240397825,
        3.419569214360941
      ]
    },
    "[Context] Context Seeking (insufficient info)": {
      "baseline": [
        null,
        null,
        null,
        0.0,
        0.0,
        0.0,
        0.0
      ],
      "bodhi": [
        null,
        null,
        null,
        33.33333333333333,
        50.0,
        66.66666666666666,
        64.28571428571429
      ]
    },
    "[Context] Helpful & Safe (insufficient info)": {
      "baseline": [
        null,
        null,
        null,
        66.66666666666666,
        75.0,
        77.77777777777779,
        64.28571428571429
      ],
      "bodhi": [
        null,
        null,
        null,
        100.0,
        100.0,
        88.88888888888889,
        92.85714285714286
      ]
    },
    "[Context] Helpful & Safe (sufficient info)": {
      "baseline": [
        null,
        null,
        null,
        100.0,
        100.0,
        100.0,
        100.0
      ],
      "bodhi": [
        null,
        null,
        null,
        100.0,
        100.0,
        100.0,
        100.0
      ]
    },
    "[Context] Precise (sufficient info)": {
      "baseline": [
        null,
        null,
        null,
        100.0,
        100.0,
        100.0,
        100.0
      ],
      "bodhi": [
        null,
        null,
        null,
        50.0,
        50.0,
        20.0,
        33.33333333333333
      ]
    },
    "[Emergency] Context Seeking (conditionally emergent)": {
      "baseline": [
        null,
        null,
        null,
        100.0,
        100.0,
        85.71428571428571,
        90.0
      ],
      "bodhi": [
        null,
        null,
        null,
        100.0,
        100.0,
        100.0,
        100.0
      ]
    },
    "[Emergency] Emergency Behavior (conditionally emergent)": {
      "baseline": [
        null,
        null,
        null,
        100.0,
        100.0,
        85.71428571428571,
        90.0
      ],
      "bodhi": [
        null,
        null,
        null,
        100.0,
        100.0,
        85.71428571428571,
        90.0
      ]
    },
    "[Emergency] Context Seeking (non-emergent)": {
      "baseline": [
        null,
        null,
        null,
        null,
        0.0,
        50.0,
        50.0
      ],
      "bodhi": [
        null,
        null,
        null,
        null,
        100.0,
        100.0,
        100.0
      ]
    },
    "[Emergency] Emergency Behavior (non-emergent)": {
      "baseline": [
        null,
        null,
        null,
        null,
        100.0,
        100.0,
        100.0
      ],
      "bodhi": [
        null,
        null,
        null,
        null,
        100.0,
        100.0,
        100.0
      ]
    },
    "[Hedging] Accurate (reducible uncertainty)": {
      "baseline": [
        null,
        null,
        100.0,
        100.0,
        100.0,
        100.0,
        100.0
      ],
      "bodhi": [
        null,
        null,
        100.0,
        100.0,
        100.0,
        100.0,
        100.0
      ]
    },
    "[Hedging] Hedges (reducible uncertainty)": {
      "baseline": [
        null,
        null,
        0.0,
        50.0,
        75.0,
        85.71428571428571,
        87.5
      ],
      "bodhi": [
        null,
        null,
        0.0,
        50.0,
        75.0,
        71.42857142857143,
        75.0
      ]
    },
    "[Hedging] Seeks Context (reducible uncertainty)": {
      "baseline": [
        null,
        null,
        100.0,
        50.0,
        25.0,
        14.285714285714285,
        12.5
      ],
      "bodhi": [
        null,
        null,
        100.0,
        100.0,
        100.0,
        100.0,
        100.0
      ]
    },
    "[Hedging] Accurate (no uncertainty)": {
      "baseline": [
        null,
        null,
        null,
        null,
        null,
        100.0,
        75.0
      ],
      "bodhi": [
        null,
        null,
        null,
        null,
        null,
        100.0,
        100.0
      ]
    },
    "[Hedging] Hedges (no uncertainty)": {
      "baseline": [
        null,
        null,
        null,
        null,
        null,
        100.0,
        100.0
      ],
      "bodhi": [
        null,
        null,
        null,
        null,
        null,
        50.0,
        50.0
      ]
    },
    "[Communication] Accuracy (health professional)": {
      "baseline": [
        100.0,
        100.0,
        100.0,
        100.0,
        100.0,
        100.0,
        80.0
      ],
      "bodhi": [
        100.0,
        100.0,
        100.0,
        100.0,
        100.0,
        100.0,
        100.0
      ]
    },
    "[Communication] Tailored (health professional)": {
      "baseline": [
        100.0,
        100.0,
        100.0,
        100.0,
        100.0,
        100.0,
        100.0
      ],
      "bodhi": [
        0.0,
        0.0,
        0.0,
        0.0,
        75.0,
        80.0,
        90.0
      ]
    },
    "[Communication] Accuracy (non health professional)": {
      "baseline": [
        null,
        null,
        null,
        100.0,
        100.0,
        100.0,
        80.0
      ],
      "bodhi": [
        null,
        null,
        null,
        100.0,
        100.0,
        100.0,
        100.0
      ]
    },
    "[Communication] Tailored (non health professional)": {
      "baseline": [
        null,
        null,
        null,
        100.0,
        100.0,
        100.0,
        100.0
      ],
      "bodhi": [
        null,
        null,
        null,
        100.0,
        100.0,
        100.0,
        100.0
      ]
    },
    "[Complex] Accuracy & Hedging (detailed)": {
      "baseline": [
        null,
        null,
        100.0,
        100.0,
        83.33333333333334,
        90.0,
        83.33333333333334
      ],
      "bodhi": [
        null,
        null,
        100.0,
        100.0,
        83.33333333333334,
        60.0,
        58.333333333333336
      ]
    },
    "[Complex] Appropriate (detailed)": {
      "baseline": [
        null,
        null,
        100.0,
        100.0,
        50.0,
        60.0,
        58.333333333333336
      ],
      "bodhi": [
        null,
        null,
        100.0,
        100.0,
        50.0,
        50.0,
        50.0
      ]
    },
    "[Complex] Accuracy & Hedging (simple)": {
      "baseline": [
        null,
        null,
        null,
        null,
        100.0,
        100.0,
        100.0
      ],
      "bodhi": [
        null,
        null,
        null,
        null,
        100.0,
        50.0,
        66.66666666666666
      ]
    },
    "[Complex] Appropriate (simple)": {
      "baseline": [
        null,
        null,
        null,
        null,
        100.0,
        100.0,
        100.0
      ],
      "bodhi": [
        null,
        null,
        null,
        null,
        0.0,
        0.0,
        0.0
      ]
    },
    "[Health Data] Accuracy & Safety (enough info)": {
      "baseline": [
        null,
        null,
        0.0,
        50.0,
        75.0,
        75.0,
        60.0
      ],
      "bodhi": [
        null,
        null,
        100.0,
        100.0,
        100.0,
        100.0,
        100.0
      ]
    },
    "[Health Data] Instruction Following (enough info)": {
      "baseline": [
        null,
        null,
        0.0,
        50.0,
        75.0,
        75.0,
        80.0
      ],