{
  "model": "gpt-4o-mini",
  "n_samples": 200,
  "baseline": {
    "context_seeking_when_insufficient": 0.0,
    "context_seeking_theme": 0.014539720911702239,
    "context_awareness_axis": 0.0
  },
  "bodhi_v0.1.3": {
    "context_seeking_when_insufficient": 0.6428571428571429,
    "context_seeking_theme": 0.05901139848478812,
    "context_awareness_axis": 0.05436800523830959
  },
  "improvement": {
    "context_seeking_when_insufficient_pp": 64.28571428571429,
    "context_seeking_theme_pp": 4.447167757308588,
    "context_awareness_axis_pp": 5.436800523830959
  }
}