{
  "sample_sizes": [
    5,
    10,
    20,
    40,
    80,
    150,
    200
  ],
  "context_seeking": {
    "baseline": [
      0,
      0,
      0,
      0.0,
      0.0,
      0.0,
      0.0
    ],
    "bodhi": [
      0,
      0,
      0,
      33.33333333333333,
      50.0,
      66.66666666666666,
      64.28571428571429
    ],
    "improvement": [
      0,
      0,
      0,
      33.33333333333333,
      50.0,
      66.66666666666666,
      64.28571428571429
    ]
  },
  "overall_score": {
    "baseline": [
      5.438966949802864,
      -11.867281861863905,
      -10.602324903963748,
      -4.159569642657112,
      -4.958881303110694,
      -5.531272205177206,
      -4.216637550023144
    ],
    "bodhi": [
      -4.285542331045968,
      -14.758386781138597,
      -11.389212357110006,
      -2.222492323231361,
      2.281373722245056,
      2.4921957240397825,
      3.419569214360941
    ],
    "improvement": [
      -9.724509280848832,
      -2.8911049192746923,
      -0.7868874531462584,
      1.9370773194257507,
      7.24025502535575,
      8.023467929216988,
      7.6362067643840845
    ]
  }
}